dm,time,width,snr
212.00,1254,9,50.49
212.00,1254,9,50.07
214.00,254,9,50.04
214.00,254,9,50.02
214.00,754,9,50.05
214.00,1252,9,50.50
214.00,1254,9,50.84
214.00,1254,9,50.29
214.00,1754,9,50.12
214.00,1754,9,50.11
216.00,254,9,50.32
216.00,254,9,50.55
216.00,754,9,50.02
216.00,754,9,50.09
216.00,1252,9,50.39
216.00,1254,9,51.26
216.00,1254,9,50.50
216.00,1754,9,50.43
216.00,1754,9,50.22
218.00,252,9,50.12
218.00,254,9,51.09
218.00,254,9,51.29
218.00,256,9,50.02
218.00,754,9,50.93
218.00,754,9,50.87
218.00,1252,9,50.94
218.00,1254,9,51.74
218.00,1254,9,51.21
218.00,1754,9,51.00
218.00,1754,9,51.09
218.00,1756,9,50.31
220.00,252,9,50.32
220.00,254,9,51.19
220.00,254,9,51.10
220.00,754,9,50.98
220.00,754,9,50.74
220.00,1252,9,51.13
220.00,1254,9,51.54
220.00,1254,9,50.87
220.00,1752,9,50.27
220.00,1754,9,51.41
220.00,1754,9,51.36
220.00,1756,9,50.11
222.00,252,9,50.95
222.00,254,9,51.83
222.00,254,9,51.62
222.00,256,9,50.12
222.00,752,9,50.69
222.00,754,9,51.61
222.00,754,9,51.31
222.00,756,9,50.21
222.00,1252,9,51.31
222.00,1254,9,51.90
222.00,1254,9,51.23
222.00,1256,9,50.11
222.00,1752,9,51.05
222.00,1754,9,52.08
222.00,1754,9,52.00
222.00,1756,9,50.66
224.00,252,9,51.57
224.00,254,9,52.25
224.00,254,9,51.81
224.00,256,9,50.27
224.00,752,9,51.20
224.00,754,9,52.05
224.00,754,9,51.79
224.00,756,9,50.63
224.00,1252,9,51.81
224.00,1254,9,52.42
224.00,1254,9,51.82
224.00,1256,9,50.45
224.00,1752,9,51.84
224.00,1754,9,52.56
224.00,1754,9,52.49
224.00,1756,9,50.88
226.00,252,9,51.72
226.00,254,9,52.36
226.00,254,9,52.06
226.00,256,9,50.72
226.00,752,9,51.44
226.00,754,9,52.59
226.00,754,9,52.33
226.00,756,9,51.15
226.00,1252,9,50.26
226.00,1252,9,52.19
226.00,1254,9,52.67
226.00,1254,9,52.43
226.00,1256,9,50.98
226.00,1752,9,52.12
226.00,1754,9,53.13
226.00,1754,9,52.92
226.00,1756,9,51.40
228.00,252,9,50.44
228.00,252,9,52.42
228.00,254,9,53.35
228.00,254,9,53.15
228.00,256,9,51.80
228.00,752,9,50.24
228.00,752,9,52.63
228.00,754,9,53.65
228.00,754,9,53.37
228.00,756,9,51.81
228.00,1252,9,51.03
228.00,1252,9,53.07
228.00,1254,9,53.72
228.00,1254,9,53.38
228.00,1256,9,51.71
228.00,1752,9,50.97
228.00,1752,9,53.06
228.00,1754,9,54.18
228.00,1754,9,53.67
228.00,1756,9,51.99
230.00,252,9,50.95
230.00,252,9,53.29
230.00,254,9,54.11
230.00,254,9,53.94
230.00,256,9,52.56
230.00,256,9,50.37
230.00,752,9,51.05
230.00,752,9,53.45
230.00,754,9,54.32
230.00,754,9,54.04
230.00,756,9,52.80
230.00,756,9,50.95
230.00,1252,9,51.76
230.00,1252,9,53.88
230.00,1254,9,54.44
230.00,1254,9,54.08
230.00,1256,9,52.64
230.00,1256,9,50.85
230.00,1752,9,51.56
230.00,1752,9,53.87
230.00,1754,9,54.68
230.00,1754,9,54.12
230.00,1756,9,52.89
230.00,1756,9,50.88
232.00,753,8,50.10
232.00,754,8,50.03
232.00,1254,8,50.04
232.00,1753,8,50.08
232.00,1754,8,50.25
232.00,252,9,52.00
232.00,252,9,54.27
232.00,254,9,55.27
232.00,254,9,54.93
232.00,256,9,53.53
232.00,256,9,51.39
232.00,752,9,52.21
232.00,752,9,54.47
232.00,754,9,55.34
232.00,754,9,55.01
232.00,756,9,53.72
232.00,756,9,51.74
232.00,1252,9,52.77
232.00,1252,9,54.63
232.00,1254,9,55.38
232.00,1254,9,55.00
232.00,1256,9,53.60
232.00,1256,9,51.42
232.00,1752,9,52.47
232.00,1752,9,54.68
232.00,1754,9,55.56
232.00,1754,9,55.22
232.00,1756,9,53.93
232.00,1756,9,51.48
234.00,253,8,51.06
234.00,254,8,51.11
234.00,753,8,51.18
234.00,754,8,51.07
234.00,755,8,50.14
234.00,1252,8,50.03
234.00,1253,8,51.13
234.00,1254,8,51.06
234.00,1752,8,50.11
234.00,1753,8,51.15
234.00,1754,8,51.40
234.00,1755,8,50.09
234.00,252,9,53.36
234.00,252,9,55.76
234.00,254,9,56.52
234.00,254,9,56.13
234.00,256,9,54.37
234.00,256,9,52.11
234.00,750,9,50.16
234.00,752,9,53.60
234.00,752,9,55.82
234.00,754,9,56.49
234.00,754,9,56.19
234.00,756,9,54.70
234.00,756,9,52.23
234.00,1250,9,50.56
234.00,1252,9,53.96
234.00,1252,9,55.87
234.00,1254,9,56.59
234.00,1254,9,55.99
234.00,1256,9,54.33
234.00,1256,9,52.05
234.00,1750,9,50.27
234.00,1752,9,53.81
234.00,1752,9,55.97
234.00,1754,9,56.72
234.00,1754,9,56.45
234.00,1756,9,54.56
234.00,1756,9,52.03
236.00,252,8,51.28
236.00,253,8,52.58
236.00,254,8,52.42
236.00,255,8,50.99
236.00,752,8,51.05
236.00,753,8,52.63
236.00,754,8,52.53
236.00,755,8,51.26
236.00,1252,8,51.26
236.00,1253,8,52.37
236.00,1254,8,52.40
236.00,1255,8,50.90
236.00,1752,8,51.40
236.00,1753,8,52.64
236.00,1754,8,52.71
236.00,1755,8,51.19
236.00,250,9,51.23
236.00,252,9,54.86
236.00,252,9,57.41
236.00,254,9,58.05
236.00,254,9,57.46
236.00,256,9,55.46
236.00,256,9,52.88
236.00,750,9,51.44
236.00,752,9,54.95
236.00,752,9,57.14
236.00,754,9,58.16
236.00,754,9,57.52
236.00,756,9,55.74
236.00,756,9,52.92
236.00,1250,9,51.67
236.00,1252,9,55.29
236.00,1252,9,57.27
236.00,1254,9,57.97
236.00,1254,9,57.31
236.00,1256,9,55.40
236.00,1256,9,52.51
236.00,1750,9,51.56
236.00,1752,9,55.28
236.00,1752,9,57.40
236.00,1754,9,58.28
236.00,1754,9,57.61
236.00,1756,9,55.58
236.00,1756,9,52.50
238.00,251,8,50.35
238.00,252,8,52.93
238.00,253,8,53.88
238.00,254,8,53.43
238.00,255,8,51.66
238.00,751,8,50.14
238.00,752,8,52.84
238.00,753,8,53.96
238.00,754,8,53.45
238.00,755,8,51.62
238.00,1251,8,50.26
238.00,1252,8,52.84
238.00,1253,8,53.76
238.00,1254,8,53.34
238.00,1255,8,51.38
238.00,1751,8,50.42
238.00,1752,8,53.00
238.00,1753,8,54.13
238.00,1754,8,53.61
238.00,1755,8,51.49
238.00,250,9,53.22
238.00,252,9,56.92
238.00,252,9,59.13
238.00,254,9,59.24
238.00,254,9,58.27
238.00,256,9,55.71
238.00,256,9,52.29
238.00,750,9,53.33
238.00,752,9,56.70
238.00,752,9,58.86
238.00,754,9,59.44
238.00,754,9,58.20
238.00,756,9,55.81
238.00,756,9,52.19
238.00,1250,9,53.58
238.00,1252,9,57.06
238.00,1252,9,58.73
238.00,1254,9,59.23
238.00,1254,9,58.08
238.00,1256,9,55.42
238.00,1256,9,51.94
238.00,1750,9,53.50
238.00,1752,9,57.04
238.00,1752,9,59.10
238.00,1754,9,59.52
238.00,1754,9,58.22
238.00,1756,9,55.46
238.00,1756,9,52.01
240.00,251,8,52.42
240.00,252,8,54.64
240.00,253,8,55.43
240.00,254,8,54.37
240.00,255,8,51.66
240.00,751,8,52.21
240.00,752,8,54.58
240.00,753,8,55.41
240.00,754,8,54.22
240.00,755,8,51.80
240.00,1251,8,52.21
240.00,1252,8,54.60
240.00,1253,8,55.30
240.00,1254,8,54.16
240.00,1255,8,51.51
240.00,1751,8,52.41
240.00,1752,8,54.88
240.00,1753,8,55.36
240.00,1754,8,54.38
240.00,1755,8,51.51
240.00,250,9,50.60
240.00,250,9,55.60
240.00,252,9,59.05
240.00,252,9,60.65
240.00,254,9,60.45
240.00,254,9,58.65
240.00,256,9,55.25
240.00,256,9,50.93
240.00,750,9,50.59
240.00,750,9,55.51
240.00,752,9,58.80
240.00,752,9,60.53
240.00,754,9,60.49
240.00,754,9,58.67
240.00,756,9,55.39
240.00,756,9,50.77
240.00,1250,9,50.76
240.00,1250,9,55.60
240.00,1252,9,58.98
240.00,1252,9,60.45
240.00,1254,9,60.38
240.00,1254,9,58.32
240.00,1256,9,54.93
240.00,1256,9,50.40
240.00,1750,9,50.86
240.00,1750,9,55.69
240.00,1752,9,59.06
240.00,1752,9,60.70
240.00,1754,9,60.52
240.00,1754,9,58.48
240.00,1756,9,55.09
240.00,1756,9,50.60
242.00,252,7,50.04
242.00,252,7,51.04
242.00,752,7,50.18
242.00,752,7,50.82
242.00,1252,7,50.92
242.00,1752,7,50.29
242.00,1752,7,50.84
242.00,250,8,51.03
242.00,251,8,54.72
242.00,252,8,56.63
242.00,253,8,56.40
242.00,254,8,54.13
242.00,255,8,50.44
242.00,750,8,51.03
242.00,751,8,54.63
242.00,752,8,56.46
242.00,753,8,56.20
242.00,754,8,54.27
242.00,755,8,50.56
242.00,1250,8,50.93
242.00,1251,8,54.62
242.00,1252,8,56.49
242.00,1253,8,56.15
242.00,1254,8,54.03
242.00,1255,8,50.24
242.00,1750,8,51.24
242.00,1751,8,54.88
242.00,1752,8,56.54
242.00,1753,8,56.31
242.00,1754,8,54.12
242.00,1755,8,50.18
242.00,250,9,53.57
242.00,250,9,58.14
242.00,252,9,61.32
242.00,252,9,62.00
242.00,254,9,60.68
242.00,254,9,57.82
242.00,256,9,53.15
242.00,750,9,53.62
242.00,750,9,58.21
242.00,752,9,60.92
242.00,752,9,61.86
242.00,754,9,60.86
242.00,754,9,57.90
242.00,756,9,53.21
242.00,1250,9,53.61
242.00,1250,9,58.17
242.00,1252,9,61.13
242.00,1252,9,61.74
242.00,1254,9,60.63
242.00,1254,9,57.45
242.00,1256,9,52.83
242.00,1750,9,53.69
242.00,1750,9,58.43
242.00,1752,9,61.14
242.00,1752,9,62.02
242.00,1754,9,60.71
242.00,1754,9,57.55
242.00,1756,9,53.04
244.00,250,7,50.02
244.00,252,7,51.81
244.00,252,7,51.74
244.00,752,7,51.78
244.00,752,7,51.49
244.00,1252,7,51.78
244.00,1252,7,51.57
244.00,1752,7,51.91
244.00,1752,7,51.51
244.00,250,8,53.83
244.00,251,8,56.87
244.00,252,8,57.68
244.00,253,8,56.48
244.00,254,8,52.84
244.00,750,8,53.83
244.00,751,8,56.75
244.00,752,8,57.60
244.00,753,8,56.30
244.00,754,8,52.94
244.00,1250,8,53.75
244.00,1251,8,56.72
244.00,1252,8,57.67
244.00,1253,8,56.09
244.00,1254,8,52.71
244.00,1750,8,53.83
244.00,1751,8,56.90
244.00,1752,8,57.67
244.00,1753,8,56.28
244.00,1754,8,52.76
244.00,248,9,50.76
244.00,250,9,56.59
244.00,250,9,60.68
244.00,252,9,62.73
244.00,252,9,62.41
244.00,254,9,60.01
244.00,254,9,55.68
244.00,748,9,50.83
244.00,750,9,56.67
244.00,750,9,60.58
244.00,752,9,62.58
244.00,752,9,62.41
244.00,754,9,60.04
244.00,754,9,55.66
244.00,1248,9,51.01
244.00,1250,9,56.49
244.00,1250,9,60.73
244.00,1252,9,62.62
244.00,1252,9,62.19
244.00,1254,9,59.73
244.00,1254,9,55.33
244.00,1748,9,50.97
244.00,1750,9,56.68
244.00,1750,9,60.77
244.00,1752,9,62.66
244.00,1752,9,62.44
244.00,1754,9,59.84
244.00,1754,9,55.46
246.00,250,7,52.02
246.00,252,7,52.82
246.00,252,7,51.20
246.00,750,7,51.87
246.00,752,7,52.67
246.00,752,7,51.19
246.00,1250,7,51.70
246.00,1252,7,52.65
246.00,1252,7,50.96
246.00,1750,7,51.95
246.00,1752,7,52.75
246.00,1752,7,51.03
246.00,249,8,52.21
246.00,250,8,56.40
246.00,251,8,58.26
246.00,252,8,57.88
246.00,253,8,55.12
246.00,254,8,50.11
246.00,749,8,52.21
246.00,750,8,56.33
246.00,751,8,58.13
246.00,752,8,57.87
246.00,753,8,54.99
246.00,754,8,50.15
246.00,1249,8,52.24
246.00,1250,8,56.15
246.00,1251,8,58.15
246.00,1252,8,57.73
246.00,1253,8,54.78
246.00,1749,8,52.26
246.00,1750,8,56.34
246.00,1751,8,58.30
246.00,1752,8,57.83
246.00,1753,8,54.88
246.00,1754,8,50.14
246.00,248,9,54.45
246.00,250,9,59.63
246.00,250,9,62.64
246.00,252,9,63.33
246.00,252,9,61.81
246.00,254,9,57.80
246.00,254,9,52.22
246.00,748,9,54.42
246.00,750,9,59.51
246.00,750,9,62.60
246.00,752,9,63.33
246.00,752,9,61.67
246.00,754,9,57.88
246.00,754,9,52.12
246.00,1248,9,54.50
246.00,1250,9,59.39
246.00,1250,9,62.60
246.00,1252,9,63.24
246.00,1252,9,61.55
246.00,1254,9,57.57
246.00,1254,9,51.84
246.00,1748,9,54.47
246.00,1750,9,59.55
246.00,1750,9,62.70
246.00,1752,9,63.38
246.00,1752,9,61.69
246.00,1754,9,57.72
246.00,1754,9,52.09
248.00,250,7,51.50
248.00,250,7,53.22
248.00,252,7,52.38
248.00,750,7,51.61
248.00,750,7,53.27
248.00,752,7,52.25
248.00,1250,7,51.40
248.00,1250,7,52.90
248.00,1252,7,52.28
248.00,1750,7,51.42
248.00,1750,7,53.18
248.00,1752,7,52.33
248.00,248,8,50.24
248.00,249,8,55.30
248.00,250,8,58.25
248.00,251,8,58.61
248.00,252,8,56.68
248.00,253,8,52.19
248.00,748,8,50.23
248.00,749,8,55.33
248.00,750,8,58.29
248.00,751,8,58.64
248.00,752,8,56.47
248.00,753,8,52.16
248.00,1248,8,50.34
248.00,1249,8,55.19
248.00,1250,8,58.01
248.00,1251,8,58.54
248.00,1252,8,56.49
248.00,1253,8,52.09
248.00,1748,8,50.21
248.00,1749,8,55.25
248.00,1750,8,58.25
248.00,1751,8,58.61
248.00,1752,8,56.55
248.00,1753,8,52.13
248.00,248,9,52.08
248.00,248,9,57.94
248.00,250,9,62.05
248.00,250,9,63.65
248.00,252,9,62.91
248.00,252,9,59.67
248.00,254,9,54.16
248.00,748,9,52.03
248.00,748,9,58.06
248.00,750,9,62.01
248.00,750,9,63.67
248.00,752,9,62.86
248.00,752,9,59.50
248.00,754,9,54.34
248.00,1248,9,52.21
248.00,1248,9,57.95
248.00,1250,9,61.80
248.00,1250,9,63.65
248.00,1252,9,62.74
248.00,1252,9,59.44
248.00,1254,9,54.12
248.00,1748,9,51.98
248.00,1748,9,57.94
248.00,1750,9,62.08
248.00,1750,9,63.69
248.00,1752,9,62.84
248.00,1752,9,59.57
248.00,1754,9,54.23
250.00,248,7,50.69
250.00,250,7,53.12
250.00,250,7,53.18
250.00,252,7,50.60
250.00,748,7,50.63
250.00,750,7,53.26
250.00,750,7,53.06
250.00,752,7,50.61
250.00,1248,7,50.51
250.00,1250,7,52.87
250.00,1250,7,52.96
250.00,1252,7,50.60
250.00,1748,7,50.42
250.00,1750,7,53.07
250.00,1750,7,53.09
250.00,1752,7,50.67
250.00,248,8,53.96
250.00,249,8,57.66
250.00,250,8,59.04
250.00,251,8,57.69
250.00,252,8,54.00
250.00,748,8,53.87
250.00,749,8,57.78
250.00,750,8,59.00
250.00,751,8,57.66
250.00,752,8,53.93
250.00,1248,8,53.84
250.00,1249,8,57.47
250.00,1250,8,58.86
250.00,1251,8,57.63
250.00,1252,8,53.93
250.00,1748,8,53.83
250.00,1749,8,57.63
250.00,1750,8,58.98
250.00,1751,8,57.70
250.00,1752,8,53.91
250.00,248,9,56.19
250.00,248,9,60.93
250.00,250,9,63.58
250.00,250,9,63.55
250.00,252,9,61.09
250.00,252,9,56.16
250.00,748,9,56.28
250.00,748,9,61.01
250.00,750,9,63.52
250.00,750,9,63.61
250.00,752,9,60.99
250.00,752,9,56.27
250.00,1248,9,56.11
250.00,1248,9,60.79
250.00,1250,9,63.46
250.00,1250,9,63.54
250.00,1252,9,60.97
250.00,1252,9,56.01
250.00,1748,9,56.11
250.00,1748,9,61.04
250.00,1750,9,63.54
250.00,1750,9,63.58
250.00,1752,9,60.94
250.00,1752,9,56.26
252.00,248,7,52.40
252.00,250,7,53.05
252.00,250,7,51.35
252.00,748,7,52.52
252.00,750,7,53.22
252.00,750,7,51.29
252.00,1248,7,52.28
252.00,1250,7,52.99
252.00,1250,7,51.20
252.00,1748,7,52.29
252.00,1750,7,53.05
252.00,1750,7,51.26
252.00,247,8,52.49
252.00,248,8,56.67
252.00,249,8,58.68
252.00,250,8,58.04
252.00,251,8,55.09
252.00,747,8,52.47
252.00,748,8,56.84
252.00,749,8,58.76
252.00,750,8,58.13
252.00,751,8,55.16
252.00,1247,8,52.49
252.00,1248,8,56.62
252.00,1249,8,58.60
252.00,1250,8,58.06
252.00,1251,8,54.95
252.00,1747,8,52.47
252.00,1748,8,56.64
252.00,1749,8,58.60
252.00,1750,8,58.03
252.00,1751,8,55.06
252.00,1752,8,50.05
252.00,246,9,54.57
252.00,248,9,59.71
252.00,248,9,62.95
252.00,250,9,63.67
252.00,250,9,61.77
252.00,252,9,57.62
252.00,252,9,51.64
252.00,746,9,54.63
252.00,748,9,59.89
252.00,748,9,63.06
252.00,750,9,63.66
252.00,750,9,61.99
252.00,752,9,57.60
252.00,752,9,51.73
252.00,1246,9,54.59
252.00,1248,9,59.72
252.00,1248,9,62.93
252.00,1250,9,63.66
252.00,1250,9,61.81
252.00,1252,9,57.40
252.00,1252,9,51.36
252.00,1746,9,54.68
252.00,1748,9,59.76
252.00,1748,9,62.95
252.00,1750,9,63.58
252.00,1750,9,61.82
252.00,1752,9,57.71
252.00,1752,9,51.72
254.00,248,7,51.10
254.00,248,7,52.61
254.00,250,7,51.62
254.00,748,7,51.15
254.00,748,7,52.78
254.00,750,7,51.88
254.00,1248,7,51.22
254.00,1248,7,52.60
254.00,1250,7,51.55
254.00,1748,7,51.09
254.00,1748,7,52.47
254.00,1750,7,51.70
254.00,246,8,50.43
254.00,247,8,55.16
254.00,248,8,57.72
254.00,249,8,58.09
254.00,250,8,55.96
254.00,251,8,51.84
254.00,746,8,50.60
254.00,747,8,55.17
254.00,748,8,57.91
254.00,749,8,58.34
254.00,750,8,56.08
254.00,751,8,51.90
254.00,1246,8,50.55
254.00,1247,8,55.24
254.00,1248,8,57.88
254.00,1249,8,58.05
254.00,1250,8,55.85
254.00,1251,8,51.67
254.00,1746,8,50.43
254.00,1747,8,55.10
254.00,1748,8,57.74
254.00,1749,8,58.04
254.00,1750,8,56.00
254.00,1751,8,51.90
254.00,246,9,52.41
254.00,246,9,58.01
254.00,248,9,61.78
254.00,248,9,63.20
254.00,250,9,62.42
254.00,250,9,59.10
254.00,252,9,54.02
254.00,746,9,52.60
254.00,746,9,58.12
254.00,748,9,61.93
254.00,748,9,63.47
254.00,750,9,62.54
254.00,750,9,59.33
254.00,752,9,54.02
254.00,1246,9,52.59
254.00,1246,9,58.12
254.00,1248,9,61.90
254.00,1248,9,63.33
254.00,1250,9,62.35
254.00,1250,9,59.04
254.00,1252,9,53.77
254.00,1746,9,52.54
254.00,1746,9,58.04
254.00,1748,9,61.75
254.00,1748,9,63.31
254.00,1750,9,62.34
254.00,1750,9,59.22
254.00,1752,9,54.08
256.00,248,7,51.60
256.00,248,7,51.53
256.00,748,7,51.67
256.00,748,7,51.67
256.00,1248,7,51.62
256.00,1248,7,51.39
256.00,1748,7,51.52
256.00,1748,7,51.50
256.00,246,8,53.23
256.00,247,8,56.48
256.00,248,8,57.51
256.00,249,8,56.44
256.00,250,8,53.15
256.00,746,8,53.52
256.00,747,8,56.64
256.00,748,8,57.73
256.00,749,8,56.62
256.00,750,8,53.29
256.00,1246,8,53.59
256.00,1247,8,56.60
256.00,1248,8,57.50
256.00,1249,8,56.19
256.00,1250,8,53.05
256.00,1746,8,53.40
256.00,1747,8,56.46
256.00,1748,8,57.48
256.00,1749,8,56.44
256.00,1750,8,53.24
256.00,244,9,50.46
256.00,246,9,56.08
256.00,246,9,60.24
256.00,248,9,62.39
256.00,248,9,62.42
256.00,250,9,60.20
256.00,250,9,55.94
256.00,252,9,50.05
256.00,744,9,50.52
256.00,746,9,56.32
256.00,746,9,60.48
256.00,748,9,62.70
256.00,748,9,62.68
256.00,750,9,60.29
256.00,750,9,56.05
256.00,752,9,50.10
256.00,1244,9,50.63
256.00,1246,9,56.43
256.00,1246,9,60.58
256.00,1248,9,62.47
256.00,1248,9,62.29
256.00,1250,9,59.97
256.00,1250,9,55.77
256.00,1744,9,50.66
256.00,1746,9,56.21
256.00,1746,9,60.40
256.00,1748,9,62.42
256.00,1748,9,62.43
256.00,1750,9,60.24
256.00,1750,9,55.97
256.00,1752,9,50.13
258.00,248,7,50.73
258.00,748,7,50.85
258.00,748,7,50.08
258.00,1248,7,50.63
258.00,1748,7,50.65
258.00,245,8,50.48
258.00,246,8,54.17
258.00,247,8,56.19
258.00,248,8,56.29
258.00,249,8,54.48
258.00,250,8,50.79
258.00,745,8,50.73
258.00,746,8,54.50
258.00,747,8,56.34
258.00,748,8,56.54
258.00,749,8,54.66
258.00,750,8,50.80
258.00,1245,8,51.01
258.00,1246,8,54.54
258.00,1247,8,56.24
258.00,1248,8,56.19
258.00,1249,8,54.31
258.00,1250,8,50.62
258.00,1745,8,50.67
258.00,1746,8,54.17
258.00,1747,8,56.15
258.00,1748,8,56.24
258.00,1749,8,54.51
258.00,1750,8,50.69
258.00,244,9,53.26
258.00,246,9,57.80
258.00,246,9,60.68
258.00,248,9,61.75
258.00,248,9,60.86
258.00,250,9,58.04
258.00,250,9,53.34
258.00,744,9,53.53
258.00,746,9,58.07
258.00,746,9,61.05
258.00,748,9,62.02
258.00,748,9,61.12
258.00,750,9,58.03
258.00,750,9,53.37
258.00,1244,9,53.78
258.00,1246,9,58.28
258.00,1246,9,60.96
258.00,1248,9,61.80
258.00,1248,9,60.71
258.00,1250,9,57.74
258.00,1250,9,53.16
258.00,1744,9,53.53
258.00,1746,9,57.85
258.00,1746,9,60.78
258.00,1748,9,61.74
258.00,1748,9,60.96
258.00,1750,9,57.95
258.00,1750,9,53.27
260.00,245,8,51.87
260.00,246,8,54.31
260.00,247,8,55.27
260.00,248,8,54.61
260.00,249,8,51.92
260.00,745,8,52.14
260.00,746,8,54.64
260.00,747,8,55.37
260.00,748,8,54.64
260.00,749,8,52.02
260.00,1245,8,52.20
260.00,1246,8,54.49
260.00,1247,8,55.25
260.00,1248,8,54.23
260.00,1249,8,51.74
260.00,1745,8,52.01
260.00,1746,8,54.34
260.00,1747,8,55.26
260.00,1748,8,54.33
260.00,1749,8,51.93
260.00,244,9,51.07
260.00,244,9,55.51
260.00,246,9,58.77
260.00,246,9,60.34
260.00,248,9,60.51
260.00,248,9,58.70
260.00,250,9,55.26
260.00,250,9,50.19
260.00,744,9,51.28
260.00,744,9,55.77
260.00,746,9,59.09
260.00,746,9,60.71
260.00,748,9,60.64
260.00,748,9,58.71
260.00,750,9,55.09
260.00,750,9,50.28
260.00,1244,9,51.45
260.00,1244,9,55.96
260.00,1246,9,59.02
260.00,1246,9,60.48
260.00,1248,9,60.31
260.00,1248,9,58.37
260.00,1250,9,54.97
260.00,1744,9,51.17
260.00,1744,9,55.76
260.00,1746,9,58.77
260.00,1746,9,60.53
260.00,1748,9,60.40
260.00,1748,9,58.63
260.00,1750,9,55.14
260.00,1750,9,50.21
262.00,245,8,51.50
262.00,246,8,53.42
262.00,247,8,54.01
262.00,248,8,52.88
262.00,249,8,50.22
262.00,745,8,51.87
262.00,746,8,53.55
262.00,747,8,53.89
262.00,748,8,52.86
262.00,749,8,50.10
262.00,1245,8,51.96
262.00,1246,8,53.55
262.00,1247,8,53.63
262.00,1248,8,52.45
262.00,1745,8,51.76
262.00,1746,8,53.39
262.00,1747,8,53.66
262.00,1748,8,52.58
262.00,1749,8,50.07
262.00,244,9,52.28
262.00,244,9,55.70
262.00,246,9,58.07
262.00,246,9,59.37
262.00,248,9,59.03
262.00,248,9,56.84
262.00,250,9,53.28
262.00,744,9,52.54
262.00,744,9,56.07
262.00,746,9,58.42
262.00,746,9,59.44
262.00,748,9,58.98
262.00,748,9,56.73
262.00,750,9,53.16
262.00,1244,9,52.66
262.00,1244,9,56.25
262.00,1246,9,58.51
262.00,1246,9,59.21
262.00,1248,9,58.52
262.00,1248,9,56.50
262.00,1250,9,52.92
262.00,1744,9,52.33
262.00,1744,9,56.08
262.00,1746,9,58.32
262.00,1746,9,59.25
262.00,1748,9,58.66
262.00,1748,9,56.64
262.00,1750,9,53.18
264.00,245,8,50.75
264.00,246,8,52.38
264.00,247,8,52.57
264.00,248,8,50.97
264.00,745,8,51.01
264.00,746,8,52.39
264.00,747,8,52.27
264.00,748,8,51.00
264.00,1245,8,51.09
264.00,1246,8,52.21
264.00,1247,8,51.94
264.00,1248,8,50.56
264.00,1745,8,51.00
264.00,1746,8,52.01
264.00,1747,8,52.08
264.00,1748,8,50.96
264.00,244,9,52.62
264.00,244,9,55.36
264.00,246,9,57.22
264.00,246,9,58.08
264.00,248,9,57.11
264.00,248,9,54.78
264.00,250,9,51.17
264.00,744,9,52.98
264.00,744,9,55.51
264.00,746,9,57.46
264.00,746,9,58.00
264.00,748,9,57.03
264.00,748,9,54.81
264.00,750,9,51.22
264.00,1244,9,53.06
264.00,1244,9,55.75
264.00,1246,9,57.36
264.00,1246,9,57.62
264.00,1248,9,56.75
264.00,1248,9,54.49
264.00,1250,9,51.14
264.00,1744,9,52.83
264.00,1744,9,55.67
264.00,1746,9,57.20
264.00,1746,9,57.65
264.00,1748,9,56.86
264.00,1748,9,54.89
264.00,1750,9,51.33
266.00,245,8,50.18
266.00,246,8,51.25
266.00,247,8,51.21
266.00,745,8,50.19
266.00,746,8,51.19
266.00,747,8,50.87
266.00,1245,8,50.17
266.00,1246,8,51.03
266.00,1247,8,50.68
266.00,1746,8,50.80
266.00,1747,8,50.98
266.00,244,9,52.34
266.00,244,9,54.72
266.00,246,9,56.40
266.00,246,9,56.59
266.00,248,9,55.72
266.00,248,9,53.39
266.00,744,9,52.51
266.00,744,9,54.82
266.00,746,9,56.37
266.00,746,9,56.49
266.00,748,9,55.61
266.00,748,9,53.45
266.00,1244,9,52.71
266.00,1244,9,54.89
266.00,1246,9,56.22
266.00,1246,9,56.36
266.00,1248,9,55.31
266.00,1248,9,53.32
266.00,1744,9,52.48
266.00,1744,9,54.90
266.00,1746,9,55.91
266.00,1746,9,56.43
266.00,1748,9,55.66
266.00,1748,9,53.60
266.00,1750,9,50.09
268.00,246,8,50.08
268.00,244,9,51.67
268.00,244,9,53.75
268.00,246,9,55.13
268.00,246,9,55.40
268.00,248,9,54.44
268.00,248,9,52.21
268.00,744,9,51.60
268.00,744,9,53.70
268.00,746,9,55.12
268.00,746,9,55.27
268.00,748,9,54.53
268.00,748,9,52.27
268.00,1244,9,51.77
268.00,1244,9,53.69
268.00,1246,9,54.87
268.00,1246,9,55.10
268.00,1248,9,54.40
268.00,1248,9,52.25
268.00,1744,9,51.73
268.00,1744,9,53.75
268.00,1746,9,54.89
268.00,1746,9,55.36
268.00,1748,9,54.58
268.00,1748,9,52.45
270.00,244,9,50.98
270.00,244,9,52.98
270.00,246,9,54.23
270.00,246,9,54.52
270.00,248,9,53.49
270.00,248,9,51.03
270.00,744,9,50.79
270.00,744,9,52.85
270.00,746,9,54.28
270.00,746,9,54.27
270.00,748,9,53.59
270.00,748,9,51.29
270.00,1244,9,51.00
270.00,1244,9,52.88
270.00,1246,9,54.08
270.00,1246,9,54.35
270.00,1248,9,53.30
270.00,1248,9,51.21
270.00,1744,9,51.18
270.00,1744,9,53.10
270.00,1746,9,54.07
270.00,1746,9,54.45
270.00,1748,9,53.41
270.00,1748,9,51.30
272.00,244,9,50.14
272.00,244,9,52.16
272.00,246,9,53.58
272.00,246,9,53.69
272.00,248,9,52.62
272.00,248,9,50.03
272.00,744,9,52.12
272.00,746,9,53.48
272.00,746,9,53.72
272.00,748,9,52.97
272.00,748,9,50.74
272.00,1244,9,50.14
272.00,1244,9,52.03
272.00,1246,9,53.35
272.00,1246,9,53.67
272.00,1248,9,52.56
272.00,1248,9,50.48
272.00,1744,9,50.35
272.00,1744,9,52.31
272.00,1746,9,53.20
272.00,1746,9,53.82
272.00,1748,9,52.88
272.00,1748,9,50.70
274.00,244,9,51.50
274.00,246,9,52.42
274.00,246,9,52.44
274.00,248,9,51.17
274.00,744,9,51.27
274.00,746,9,52.60
274.00,746,9,52.80
274.00,748,9,52.02
274.00,1244,9,51.25
274.00,1246,9,52.47
274.00,1246,9,52.63
274.00,1248,9,51.48
274.00,1744,9,51.34
274.00,1746,9,52.47
274.00,1746,9,52.86
274.00,1748,9,51.84
276.00,244,9,50.65
276.00,246,9,51.78
276.00,246,9,51.85
276.00,248,9,50.98
276.00,744,9,50.88
276.00,746,9,52.13
276.00,746,9,52.43
276.00,748,9,51.69
276.00,1244,9,50.79
276.00,1246,9,51.94
276.00,1246,9,52.04
276.00,1248,9,51.04
276.00,1744,9,50.88
276.00,1746,9,52.14
276.00,1746,9,52.49
276.00,1748,9,51.45
278.00,244,9,50.03
278.00,246,9,51.10
278.00,246,9,51.21
278.00,248,9,50.20
278.00,744,9,50.34
278.00,746,9,51.59
278.00,746,9,51.78
278.00,748,9,50.88
278.00,1244,9,50.17
278.00,1246,9,51.27
278.00,1246,9,51.24
278.00,1248,9,50.37
278.00,1744,9,50.41
278.00,1746,9,51.39
278.00,1746,9,51.77
278.00,1748,9,50.74
280.00,246,9,50.51
280.00,246,9,50.72
280.00,746,9,50.96
280.00,746,9,51.31
280.00,748,9,50.43
280.00,1246,9,50.69
280.00,1246,9,51.00
280.00,1248,9,50.11
280.00,1746,9,50.98
280.00,1746,9,51.16
280.00,1748,9,50.44
282.00,246,9,50.29
282.00,746,9,50.59
282.00,746,9,50.91
282.00,748,9,50.41
282.00,1246,9,50.43
282.00,1246,9,50.60
282.00,1746,9,50.52
282.00,1746,9,50.74
282.00,1748,9,50.11
284.00,746,9,50.25
284.00,746,9,50.42
284.00,1746,9,50.13
286.00,746,9,50.48
286.00,1746,9,50.03
